names;likes;coms;signets;partages;descriptions;hashtags
retrobrxRetrobrx;3000000;6710;221500;5017;Mary-Kate and Ashley Olsen through the years ;marykateandashley
talmofnTalmo;127500;4154;12400;1635;Qui a la ref ? ğŸ¤£ ;talmo # fortniteclips # fortnite
le_y_clipLe Y clip;14100;401;2430;390;;
usrich29Rich Jackson;299400;7522;25200;31500;;funnyvideos # tiktok # vairal
cciinnnCiiN;824900;3075;46700;1209;;
mjjkingofpop9MJJKingofPop999;948100;10800;69700;8577;;
0otkuÙØ§ØªÙ† Ø§Ù„Ø­Ù„ÙˆÙ‡;2824;3;240;102;;
lika_queen_1Lika_ Ù„ÙŠÙƒØ§â¤ï¸;101000;33;1580;34;;
talal_timeğŸ’±TalalğŸ’±;1300000;2714;65900;2312;ğŸ˜ğŸ˜;kuwaitğŸ‡°ğŸ‡¼ # dubaiğŸ‡¦ğŸ‡ª
_joooonasJ O N A S ğŸŠ;2800000;6193;292400;23600;;
ley00609Leyo ğŸŒ¹ğŸ¤ŒğŸ½;263000;1561;28900;3599;Le petit est toxique ğŸ¤£;
jasmina.medinajasmina;180800;636;17500;1170;;
stylishbilla7mobile world ğŸŒ;618300;23400;62600;30000;;
ayafamilyrachdiAnneRachdi;14000;196;778;20;;
novakhdĞ½Ğ¾Ğ²Ğ°Ğº;593500;3006;80300;26400;neymar transition ;neymar # edit # football # fyp # transition
kaami220Æ™Î±â„³Â¡â€‚editingâœ…;257200;817;89000;22600;New iPhone editing ğŸ“²ğŸ“²;
aigries.lavraiğ–¤ğ€ğˆğ†ğ‘ğˆğ„ğ’ğ–¤;103100;637;5884;64;Omg ğŸ’–ğŸŒŸ;aigriespam
tomsursnaaaapTomSurSnap;40400;724;1789;74;La vie du T;
sesonviiS;1500000;1842;237900;2731;;kdrama # disneyplus # vigilante # namjoohyuk # yoojitae
lphofficielslphofficiel;223600;3441;28600;3296;;
puglovers_Pet Lovers;3500000;13500;229300;80000;;cat # cats # pets # pet
enesa_tvã€ŒEGLã€eneSA;310;23;27;3;;
anastasileAnastasia;2200000;3363;178200;7635;;
hoopers.townğŸ›¸;2100000;2028;146800;3976;;
_arkeolog_arkeolog;840900;9428;79500;29100;Great Yreasure Huntâ—ï¸â—ï¸â—ï¸;
schakilaaPremium Chaya;35100;291;2217;121;;
cznburakcznburak;375300;5386;14600;1682;ğŸ’”â¤ï¸â€ğŸ©¹;
levi_77xLEVI;2900000;14500;332400;4884;;respect # animals # dog # doberman
katclarkKat Clark;2200000;8366;154100;6436;DÃ©jÃ â€™s 13th Birthday Party setup ;party
nduguxumathafreddieFred;222000;318;14900;1097;;lion king simba # fypage # Animation # cartoons
alexaaa_narvaezalexaaa_narvaez;1900000;9440;117000;26800;HOY NOS VEMOS EN EL PASCUAL â€¦.;
ssol_su.it.song05ì ìˆ˜ìˆì–´;8400000;41300;656000;91400;ìŠ¬ë¦­ë°± ë§‰ì°¨ íƒ‘ìŠ¹;
videozeugsvideozeugsğŸ¦‹;316900;2271;16000;389;;
olgaorlova112ĞĞ»ÑŒĞ³Ğ°;1400000;55100;119200;79700;;
ur_localnpcsUrlocalnpcs;282700;108600;12400;205;Ong;intrentonfswetrust # trentonfs # relatable # fyp # foryoupage
solar_dollarâ˜†solar_dollarâ˜†;273500;902;36800;437;definitely try itğŸ˜»;
anhelojachAnhelo Jach;3400000;12200;225000;94200;;
meowtherizzler0cat.;27700000;146300;2700000;462000;;
greapaxcherriê·¸ë ˆë¹ ì²´ë¦¬;1300000;5060;83400;8031;Sigma Girl Fashion ;ttcpkr # 20231202 # sigmagirl
benoit_chevalierBenoÃ®t Chevalier;133600;9557;12800;4267;RÃ©ponse Ã  @ğ‘´ğ’ğ’† ğ’ğ’‚ğ’†ğ’—ğ’‚ğŸ«¶ğŸ¼ Une grande Nouvelle ğŸ«ƒğŸ¥¹;
aigries.lavraiğ–¤ğ€ğˆğ†ğ‘ğˆğ„ğ’ğ–¤;110600;918;5534;629;;aigriespam
spormusictvFootball;931400;3652;60300;86000;Kids football;
andcarliAndcarli;81700;309;5863;508;;
mdmotivatorZachery Dereniowski;3200000;22700;190000;12400;;
kb0780ì¶¤ì¶”ëŠ”ê³°ëŒ;154700;1235;21300;458;;
zenabibrahemofficialZainab Ibrahim - Ø²ÙŠÙ†Ø¨ Ø§Ø¨Ø±Ø§Ù‡ÙŠÙ…;91400;535;7748;796;"Ù†Ø§ Ø®Ø§ÙŠÙÙ‡ Ø§Ù†Ø²Ù„ÙƒÙ… Ø§Ù„Ø¬Ø²Ø¦ Ø§Ù„ØªØ§Ù†ÙŠ ÙˆÙ„Ù„Ù‡ ğŸ˜‚â¤ï¸
";Ø²ÙŠÙ†Ø¨_Ø§Ø¨Ø±Ø§Ù‡ÙŠÙ…
ycn_videographerì˜ì°ë‚¨ / YCNğŸ‡°ğŸ‡·;729500;2723;72100;2192;"The Elevator (ì—˜ë ˆë² ì´í„°) / Part 2

";horror # creepy # ê³µí¬
dicquewuopamelaDeeâ€‚BlackğŸ‡°ğŸ‡ªğŸ‡¬ğŸ‡§;181500;5817;10500;2047;;
kagiristwinsKagiris Twins;205500;840;10500;275;They are shockedğŸ˜‚;
mokshita_tyagiDokkmok;2452;53;72;3;ğŸ˜­ğŸ˜­ğŸ˜­ ;dokkmok
misallarinhelliince_matematik;556000;27700;134500;37200;;
tonglu770cici;1210;122;184;106;æå…‹å¼ºç¦»ä¸–æ­»å› é€ è´¨ç–‘;
notyourlocalhabibiVladaâœ¨;508200;2208;40400;4250;Never judge a book by itâ€™s cover ;viral # movieclips
iconicevolutionIconicEvolutions;253400;909;27100;737;;
adelefanpagemxADELEMX;4300000;17300;410100;72300;;
aa22eoeA;157800;1764;25700;1694;;
ulzgirlsã…¤;14200000;44600;1500000;100100;;
drmerabtiDr Soufiane Merabti;56100;3714;21300;1322;;
unstablebieberJ â™¡;528600;1210;31300;1403;;
baa_byyzzä¸€åªå°æœ±è‰;5806;4;989;260;æœ‰äº›äº‹æƒ…çš„å‡ºç°ä¸æ˜¯ç©ºç©´æ¥é£ ;å•†ä¸šæ€ç»´ # å®è§‚ç»æµ # å®è§‚
sundeepandanandSundeep and Anand;336900;1255;24400;11700;pets in the workplace ;jobinterview
__ely.edit__ğ„ğ‹ğ˜ ğ„ğƒğˆğ“;1700000;25900;180700;10500;A true Leader;fyp # foryou # respect # putin # foryoupage
jalal.hafedJalal.hafed;116600;2062;5801;1430;;
christiangirl563Reshma ğŸ‘°â¤ï¸;226800;2465;11000;2290;ğŸ˜ŠğŸ˜ğŸ™;sokindheart # foryoupage # nepalichristiantiktokğŸ‡³ğŸ‡µğŸ‡³ğŸ‡µ
danielsprDaniel RenterÃ­a;1300000;5040;117100;26300;;
jimmy_laura_astucesJIMMY & LAURA I ASTUCES;634400;1658;149400;6251;;
sirdancimehmetÅÄ±rdancÄ± Mehmet;524700;9230;31100;84200;;
wildlife.tvWildlife.TV;1800000;31800;129200;14000;;tiktakchannel5 # nature # wildlife # wildanimal
tomixftblTomixftbl;383000;2087;43500;7183;;
anatoly_pranksANATOLY;871200;2223;39800;3428;"Soldier in Call of Duty ğŸ«¡
";anatoly # prank # gym
respect_043_Respect;504500;5105;67700;7554;Respect ğŸ’¯ ;Respect # videos # viralvideo # fyp
kahvikhKarine vitÃ³ria;3300000;17700;205400;8572;;asmr
chiveraofficialCHIVERA;430500;13100;18900;9381;;
nahiuu.knahiu;1000000;4341;134300;10800;@Catarina.milettiâ€‚ğŸ’™;
m.e.khØ§Ù„Ø­Ø³Ø§Ø¨ Ù„Ù„Ø¨ÙŠØ¹;1400000;9430;148800;7178;ÙØ±Ù‚Øª Ø¨ÙŠÙ† Ø§ÙˆÙ„Ø§Ø¯Ù‡Ø§ ;explore @Ø´Ù…Ø³ Ø§Ù„ØµØ¨Ø§Ø­
vloger330ğŸ¦‹ğŸ–¤;201500;2151;15800;11400;ğŸ¤£ğŸ¤£;veloger # foryoupage # fypã‚·
__jeffstar__Jeffstar;416600;2810;37400;4506;AHORA UN VsâœŒğŸ»;jeffstar # dance
jordan.hishamJordan Hisham;569100;2857;51600;6231;;
bestofthevoiceworld1Bestofthevoiceworld;886200;6638;86900;11600;;
ricoanimations0Rico Animations;570600;4570;43400;17100;;
surthycooksSurthycooks;1800000;22500;69900;14300;Respuesta a @Miss McKay ğŸ¥ºğŸ¥ºğŸ¤²ğŸ»ğŸ¤²ğŸ» Allah;
faiseemoc84Incroyable Mais Vrai;68400;2199;9504;4261;Les 3 villes les plus dangereuses dâ€™Europe;
miib97MIB97;92500;1381;9765;992;;
kinomatoricaĞ¤Ğ¸Ğ»ÑŒĞ¼Ñ‹ Ğ¸ Ğ¡ĞµÑ€Ğ¸Ğ°Ğ»Ñ‹;766100;2;102300;3807;Ğ¥Ğ°Ğ¼ĞºĞ° | Ğ§Ğ°ÑÑ‚ÑŒ 3 | ĞĞ°Ğ·Ğ²Ğ°Ğ½Ğ¸Ğµ ÑĞµÑ€Ğ¸Ğ°Ğ»Ğ° Ğ² Ğ¿Ñ€Ğ¾Ñ„Ğ¸Ğ»Ğµ. ĞšĞ¾Ğ´ 1056ğŸ”;
kirkiimadkirkiimad;20300;750;2171;40;sub my IG: kirkiimadâ€¼ï¸ ğŸ˜­ğŸ˜­;
_ferhad_027fako_027;732300;13300;56200;10700;can emi oqlu ruhun ÅŸad olsunğŸ‡¦ğŸ‡¿;
historiasedicasHistorinhas e dicas de receita;954800;13600;238000;503500;;
void.omvrvoidomvr;3300000;11600;421000;47100;;
onlyfootball161Ø±Ø´Ø§Ø¯;3700000;15000;614400;71700;;fyp # funny # funnyvideos # knockknock
0otkuÙØ§ØªÙ† Ø§Ù„Ø­Ù„ÙˆÙ‡;80400;1387;9199;12800;ØºØ²Ù„ Ø¬Ø¯ÙŠØ¯ 2023;"
ØºØ²Ù„ # 2023â¤ğŸ˜"
jitendraadhikari36ğŸŒºà¤†à¤°à¤¤à¤¿ğŸŒ·à¤œà¤¿à¤¤à¥‡à¤¨à¥à¤¦à¥à¤°ğŸŒºà¤¡à¤¿à¤®à¥à¤ªà¤²ğŸŒ¹;1100000;3110;85600;10500;;
aigries.lavraiğ–¤ğ€ğˆğ†ğ‘ğˆğ„ğ’ğ–¤;91000;883;2616;132;Mon chou ;aigriespam # geckosleopardğŸ¦
karadenizli.maceraciKARADENÄ°ZLÄ° MACERACI;177600;791;10800;2341;;
codymcmanusCody McManus;823900;3861;82300;2107;Producer Reacts to Stray Kids - MEGAVERSE ;straykids # skz
omari.toomari.to;65400;2014;3725;86;;
marombacutsMaromba Cuts;742800;749;42000;394;;
anthoo_nganthony;95300;883;6139;424;Cette pierre me manqueraâ€¦ğŸ˜”;tonychopperlegoat
hafsa_dawahØ­ÙØµØ©;736000;5483;89800;11900;speaker: Dr Haifaa Younis ;muslimah # quran # islam # fy
alexaaa_narvaezalexaaa_narvaez;2300000;14900;131700;7033;"Se trabaja,se celebra .. y asi soy feliz ğŸ«¶ğŸ«¶
";americadecali 4
abdullahkhan42451Sheikh;35600;1328;1284;301;;
dantookorie_Danto Okorie;824300;12600;68200;5353;;
priscillacunhadramasPriscilla Cunhaâ¤;184100;690;21800;719;;
tonias_touch1tonias_touch1;275500;3381;16300;2871;;
spee233esperanÃ§A;161900;855;7468;704;Les meilleurs toujours!;
nursehlalisNurse Hlalis;206700;2213;12700;1156;;
funnykittensttkFunny Kittens ğŸ˜¹ğŸ˜»ğŸ‡ºğŸ‡²;908100;3165;128900;17600;;
nasdailyNas Daily;241900;4807;23400;3422;;
pernillewilbypernillewilby;795600;1610;205000;44100;Cutest screensaver ğŸ¥¹ğŸ«¶ğŸ¼ ;photoidea # couplephoto
humor_animationsHumor Animations;243200;3067;23500;22500;;
liceladyrachelRach;2000000;8949;85500;6354;;
kaho7911KahokoğŸ†;360000;5188;43400;4635;;ohiofinalbrother # ohiofinalboss @SATOYU(^â†“^)åœ°ä¸Šæœ€å¼·
tmr.khanTaimur Khan;666200;14000;53600;54100;;
inglespelocontextoBruno Miceli;81700;882;12300;2923;US x UK x AUS ;fy # foryou # fybrasil # dicasdeingles
keitam_officie5Mustafa_officie;618100;50;46400;1835;;
mimilapoopMimi Lacroix;399300;3891;76200;40300;;
wareviewsTech Home Gadgets;66100;1500;8161;5991;;
anna.antonjeanna;124700;659;6591;164;ğŸ‘€ Yummiiii;
taj_b7Bahad Taj;117500;2608;14300;3785;;
jrizzyjeremy3Jrizzy Jeremy;789100;3562;46100;5065;â€œI got worriedâ€ ğŸ˜‚ ;shorts # driving # drivinglessons # drivingtest
slicx.7aepslicx7_ ğŸ¥;1800000;10800;278600;32200;;
cciinnnCiiN;1600000;5630;122500;8602;MÆ°á»£n áº»m quay clip 1 xÃ­u thuiii =));
coming.home37COMING HOME;1800000;17900;242700;12500;;
viralmovies2.0@viralmovies2.0;709000;2087;97700;1243;;movieclips # film # movie
meowtherizzler0cat.;3900000;26300;426200;73100;;
drhillssDrHills;636100;14200;33900;11900;;
rebekcahlindoBeca;15200;64;2149;159;I like this ;beauty # wupper
isa.123muhammetaliâ™¡ahmet;1800000;42000;111400;73000;MaÅŸallah ğŸ’™ğŸ˜;keÅŸfet # alli_ahmett61_
ted_and_petTed and Pet;726600;1811;75800;7729;;
shakira.fans4FANS SHAKIRA;553000;1084;30800;4495;;
x_ali_jaberx_ali_jaber;104400;4565;11000;7061;Ø¯ÙˆÙ„Ø© Ø§Ù„Ù‚Ù…Ø§Ù…Ø© ğŸ¤£ ;x_ali_jaber
k3loopK3;140800;668;30500;1418;;
akham888Nangâ€‚Hsengâ€‚Mweâ€‚Kham;672000;2927;39400;3781;;
omur.arslanalpÃ–mÃ¼r ARSLANALP;6300000;35400;611200;139200;;
weligtonsilvaoficiallWeligton silva;184900;1332;19200;5034;Ele arrumou o carro com papel higiÃªnico;
akpenebrigittemonAkpene;94000;999;6068;1235;;akpenebrigittemon # ğŸ˜‚ğŸ˜‚ğŸ˜‚ğŸ˜‚ğŸ˜‚ğŸ˜‚ğŸ˜‚ğŸ˜‚ğŸ˜‚ğŸ˜‚ğŸ˜‚ğŸ˜‚ğŸ˜‚ğŸ˜‚ğŸ˜‚
z.b.c.rğŸ¦‹ BÃ¼ÅŸra ğŸ¦‹;137300;1385;21000;6323;;
kylactKylaCT;643900;12500;66200;10800;;
homecraft.designerHomeCraft;1900000;299;418600;61600;;
canaldozecovinhaZÃ© Covinha;14900;596;1597;136;;
eldenoliveelâ€‚deno;114800;658;9559;450;Mit 6c am dancen ;fy # eldeno # trend
thecinecoupleeruan e cami;1300000;3921;145700;5351;;
heyitsgingerandpepperğ†ğ¢ğ§ğ ğğ«;536800;5160;39500;25900;When your cats have solution to everything ğŸ˜‚ğŸª„;
_parbat_vkPARBAT ğŸ‘€;1500000;13300;67100;14800;Game for food [Part 34];fyp # foryoupage # trending # goviral
novakhdĞ½Ğ¾Ğ²Ğ°Ğº;950000;5656;126900;22500;ronaldo tackle ğŸ’€ ;ronaldo # edit # fyp # football
hoaa.hanassiiÄÃ o LÃª PhÆ°Æ¡ng Hoa;1200000;8814;58300;6727;Äu trend Ä‘iá»‡u nháº£y lÃ ng lÃ¡ :));
saz4646bozkurt;548100;138;44000;6746;;kahramanmaraÅŸdeprem
_mariamor.gNaza Guedes;697200;1323;108600;29600;;
imrank6082Imran khan;104200;0;5439;4242;;
eslam_elatlanØ§Ø³Ù„Ø§Ù… Ø§Ù„Ø¹Ø·Ù„Ø§Ù†;87900;451;8718;2342;Ù…Ø³ØªÙ†ÙŠ Ø±Ø§ÙŠÙƒÙ… ÙÙŠ ÙÙƒØ±Ø© ( Ø§Ù„ØµØ¯ÙØ© Ø§Ù„Ø³Ø¹ÙŠØ¯Ø© ) ğŸ¥â¤ï¸;foryou # Ø§Ù„Ø¹Ø·Ù„Ø§Ù†
basemkhaled123Basem khaled Ù…ØªØ®ØµØµ Ø¨Ø´Ø±Ù‡;97700;338;3556;620;;
quiro.flowQuiroFlow;3100000;12900;230000;27800;;
sesonviiS;392700;1925;65900;3652;;
reypantheraREY;1500000;17000;112000;33500;IG: elreypanthera ;reypanthera # stumbleguys
reportageinsolitesReportageInsolite;53600;5744;3873;1336;;
homm9kHOMA;929900;12000;75400;2728;?;
tomandjerry_clipsTom And Jerry;380400;1240;32500;4602;;
7seven._.officialğŸ•ã€ğ—¦ğ—²ğ˜ƒğ—²ğ—»ã€‘;163200;1910;14900;359;;song # music # singing
dreamyuniversalğ˜¿ğ™§ğ™šğ™–ğ™¢ğ™®ğ™ğ™£ğ™ğ™«ğ™šğ™§ğ™¨ğ™–ğ™¡;1900000;3992;122900;3044;;
yasincengiz38YasinCengiz;722300;5956;55500;7628;;
parkrxjmParkrxjm;2000000;7360;200100;32600;;jungkook # foryou # fypã‚· # 3d # kpopfyp # fy
unhas_show10Unhas_Show;1300000;7280;160300;133000;;
dawsoyfs2o4funmovies;1200000;1295;94700;1391;Part 3 ;waiting # movies # movieclips # fyp # foryou # funny # film
solecita_de_corazon(nikki's 4ever)ğŸ‡¸ğŸ‡»;384300;490;13700;448;;
3genfam3 Generation Family;823100;2527;58500;4651;;
mohamed_geba11ğŸ‡¹ğŸ‡³ Mohamed Geba ğŸ‡ªğŸ‡¬;29000;133;3462;534;;
zerobeamngZERO BeamNG;802200;17100;75500;105100;;
usedmobile2ZAM ZAM ELECTRONICS;203400;3970;10300;3498;;
rafa_santos.oficial@Rafa Santos;522600;5173;68700;5207;;
kikakiimKika Kim;14400000;42200;927200;41700;;
larrika_larrika;224200;536;8609;967;;
quiro.flowQuiroFlow;4000000;28600;251500;71600;;
foreveroses_Êšâ™¥ï¸É;3000000;5966;337300;7815;THAT HIGHNOTE ğŸ¥¹âœ¨ [ ;castawaydiva ] # kdrama # fyp
unhas_danatyUnhas Da Naty Oficial;232100;772;43300;34600;;
omari.toomari.to;13300;116;1312;59;;
lancul_officialJapan me please;118700;423;8047;154;;
kylian_mbappe10kmğŸ‘‘Kylian MbappÃ©ğŸ‘‘;1900000;10200;149200;12500;;
ashraf_noonnÙŠÙˆÙ…ÙŠØ§Øª Ø¹Ø§Ø¦Ù„Ù‡ Ù…Ù„Ø³ÙˆØ¹Ù‡;108900;905;4884;429;;
comicvideos_Fun Videos Net Viral;670000;871;33000;1864;;
vinarchgroupVinarch Group;1000000;1068;79200;6058;;
crispdalCrispdal;167400;1344;4808;425;Reversed all his moves ğŸ˜‚ğŸ˜‚.. ;crispdal
dirty.skin.cleanidirty skin cleaning;571300;15800;45100;16400;;
matteorivelliniMatteo Rivellini;12000;26;295;10;Il a sautÃ© sur les 50â‚¬ le coquins !;
