"urls";"names";"user_links";"com";"hashtags"
"https://www.tiktok.com/@obaid._.jahanzeeb/video/7276765635537931522";"obaid._.jahanzeeb";"https://www.tiktok.com/@obaid._.jahanzeeb";" IC05 1vs1 IC05 awa bbura bapirm gaze krdm estash mobm lkn plkma IC05 Ø§Ù†ÙŠ ÙˆÙŠØ§Ùƒ Ø¨ 2019ğŸ—¿ IC05 Ø´Ø³Ù… Ø§Ù„Ø¹Ø¨Ø©ØŸØŸ IC05 ÙÙ„Ù… Ù‡Ù†Ø¯ÙŠ Ù‡Ø°Ø©ğŸ˜‚ğŸ˜… IC05 Ğ»ÑĞ±Ğ»Ñ Ğ°Ñ€Ğ°Ğ±ÑĞºĞ¸Ğ¹ Ğ¿Ğ°Ğ±Ğ³ IC05 roomğŸ˜‚ IC05 old soundğŸ¤™ğŸ”¥ IC05 ĞºĞ¾Ğ³Ğ´Ğ° Ñ€ÑĞ´Ğ¾Ğ¼ ĞµÑÑ‚ÑŒ Ğ±Ñ€Ğ°Ñ‚ IC05 game name IC05 Ø§Ù„Ø§ØºÙ†ÙŠÙ‡ Ø°ÙƒØ±ÙŠØ§Øª Ù‡Ù‡Ù‡Ù‡Ù‡Ù‡Ù‡Ù‡Ù‡Ù‡Ù‡Ù‡Ù‡Ù‡Ù‡Ù‡Ù‡Ù‡Ù‡Ù‡ IC05 ĞšĞĞ“Ğ”Ğ Ğ¿Ñ€ĞµĞ¼ ÑÑ‰Ğ¸Ğº Ğ²ĞµÑ€Ğ½ÑƒÑ‚?WHEN will the premium box be returned? IC05 okğŸ˜³ğŸ˜³ğŸ˜³ğŸ˜³ğŸ¥°ğŸ¥°ğŸ¥°ğŸ¥° IC05 Ğ¿Ñ€Ğ¾ÑÑ‚Ğ° ĞºĞ°Ğ¹Ñ„ IC05 Ø´ÙƒØ¯ Ø­Ù„Ùˆ Ø§Ù„ÙÙŠØ¯ÙŠÙˆ Ø§Ø³ØªÙ…Ø± â¤ IC05 Ù…ÙŠØµÙŠØ± Ø§Ù„Ø±ÙƒÙˆØ¹ ÙÙŠ Ø§Ù„Ù„Ø¹Ø¨Ù‡ Ø§Ù„Ø±ÙƒÙˆØ¹ Ù„Ù„Ù‡ Ø¨Ø³ IC05 after long time hear this music ğŸ˜© IC05 gg room ğŸ˜ğŸ˜‚ IC05 Monser beÄŸenmeden ben beÄŸendim ğŸ”¥âœ…";""
"https://www.tiktok.com/@vali_gamer/video/7168391187857034501";"vali_gamer";"https://www.tiktok.com/@vali_gamer";" IC05 cğŸ˜…ğŸ˜… IC05 ğŸ˜³ğŸ˜³ IC05 I'm Free fire player but your this video is nice â˜ºï¸ IC05 ğŸ¥°ğŸ¥° IC05 Ø´Ø­Ù„Ø§ØªÙ‡Ø§ ğŸ˜ğŸ¥° IC05 aga be IC05 Ğ¿Ğ°Ğ±Ğ³ ÑÑ‚Ğ¾ Ğ²Ñ‚Ğ¾Ñ€Ğ°Ñ Ğ¶Ğ¸Ğ·Ğ½ÑŒ Ğ´Ğ»Ñ Ğ¼Ğ½Ğ¾Ğ³Ğ¸Ñ… IC05 nice video bro ğŸ˜ IC05 thnx IC05 game name IC05 Pubg Mobile IC05 amazing â™¥ï¸ IC05 thank u ğŸ¥°ğŸ’™ IC05 wow owsam add on videos please bro IC05 ğŸ®â¤ï¸â€ğŸ©¹ IC05 ÙŠØ³ØªØ­Ù‚ Ø§Ù„Ø¯Ø¹Ù… Ù…Ù„ÙŠÙˆÙ† Ù…Ø´Ø§Ù‡Ø¯Ø© IC05 firvuna qarÅŸÄ± bu ğŸ¤¦ğŸ»â€â™‚ğŸ˜‚ğŸ˜‚ IC05 Ù„Ø³Ø¹ Ø¨ÙŠØ¬ÙŠ ÙÙŠ Ø³Ù†Ù‡ 2020 IC05 ğ˜›ğ˜©ğ˜¦ ğ˜¯ğ˜¢ğ˜®ğ˜¦ ğ˜°ğ˜§ ğ˜µğ˜©ğ˜¦ ğ˜§ğ˜ªğ˜³ğ˜´ğ˜µ ğ˜´ğ˜°ğ˜¯ğ˜¨ ğ˜±ğ˜³ğ˜° ğŸ¥° IC05 WowğŸ¥° IC05 thnx ğŸ¥° IC05 Ø§ÙŠ ÙˆÙ„Ù„Ù‡ IC05 ğŸ˜…ğŸ˜…ğŸ˜…ğŸ˜…ğŸ˜… IC05 Wow nice Video ğŸ”¥ğŸ”¥";""
"https://www.tiktok.com/@king..pato/video/7299492966593236229";"king..pato";"https://www.tiktok.com/@king..pato";" IC05 Russ milions ğŸ¥¶ IC05 russ millons ğŸ”¥ğŸ’— IC05 ou on tchek sa ? IC05 Best DuoğŸ¥°ğŸ˜ IC05 Bchin Bo la3be?ğŸ˜ IC05 pendant qu'il sort des emot stylÃ© codm nous sorte des emot on dirait des vieux papa qui essaie ma danse pour la premiÃ¨re fois IC05 magnifique IC05 game name â“ï¸ğŸ‘€ IC05 Ù„Ùˆ ÙŠØ³ÙˆÙ† Ø±Ù‚ØµØ© sturdy ğŸ˜‚ğŸ”¥ IC05 game name plsğŸ¥º IC05 Top russ millions ğŸ«¡ğŸ IC05 Where Can I get this set bro? IC05 kly ii galiğŸ˜… IC05 Dadka game name soo qoraayo see loo hayaâ€¦ğŸ˜­ğŸ’” IC05 yeni mod 26kill varmÄ± daha fazlasÄ± agamdada 10 IC05 game name plzğŸ¥º IC05 Ø§Ù„Ø±Ù‚ØµÙ‡ Ø§Ù„Ø¬Ø¯ÙŠØ¯Ù‡ IC05 Ø§Ø¬Ù…Ù„ Ø±Ù‚ØµØ© ÙØªØ§Ø±ÙŠØ® Ø¨ÙˆØ¨Ø¬ÙŠ IC05 game name bro ğŸ˜‚ IC05 ka soo kale duuba ğŸ˜‚ğŸ˜…";""
"https://www.tiktok.com/@justdiabla/video/7179631246903954730";"justdiabla";"https://www.tiktok.com/@justdiabla";" IC05 666 666 IC05 vs atalimmi oda benden idiniz yaz IC05 alguna recomendaciÃ³n empeze a jugar ayer al pubg ? osea confi IC05 bana rp aÃ§an gÃ¼zel abim yokmu IC05 BU MENÄ°M QARDAÅIMDIğŸ¤«ğŸ¤«ğŸ¤« IC05 Ø±ÙˆÙ…ğŸ˜‚ IC05 idini yaz IC05 ÙƒÙÙˆ ÙŠØ§ØµØ·ÙˆØ±Ù‡ Ø§Ø­Ù„Ù‡ Ù…Ø­ØªÙˆÙ‡ Ø§Ø³ØªÙ…Ø±ğŸ˜‰ IC05 Ø´ÙˆÙğŸ˜³ IC05 Ø§Ù„Ø­Ù‚ğŸ˜³ IC05 harika IC05 nice roomğŸ˜ğŸ˜ğŸ˜ğŸ˜ IC05 ĞºĞ°Ğ½Ñ‡Ğ° ÑƒÑ€Ğ¸Ğ½Ğ¸ÑˆÑ‚Ğ° Ğ¾Ñ…ÑˆĞ°Ğ´Ğ¸ Ğ±ÑƒğŸ˜‚ IC05 nice roomğŸ˜ğŸ˜ IC05 nice edit bro IC05 Nice rooomğŸ˜‚ IC05 yavaÅŸ gel abe heyran ğŸ˜‚ IC05 First ğŸ¥° IC05 Ù„Ø¹ÙŠØ¨ğŸ¥°ğŸ¥°ğŸ¥°ğŸ¥° IC05 ğŸ¤«ğŸ¤«ğŸ¤«ğŸ¥¶ğŸ¥¶ğŸ˜°";""
"https://www.tiktok.com/@pranav0317/video/7202279550988995845";"pranav0317";"https://www.tiktok.com/@pranav0317";" IC05 ğŸ˜ğŸ˜³ IC05 PUBG mah gabisa buat kayak gini IC05 Ğ¸Ğ· Ğ²ÑĞµÑ… ÑÑ‚Ğ¸Ñ… ĞºĞ¾ÑÑ‚ÑĞ¼Ğ¾Ğ² Ñƒ Ğ¼ĞµĞ½Ñ Ğ½Ğ¸Ñ‡ĞµĞ³Ğ¾ Ğ½ĞµÑ‚ğŸ‘ IC05 Ğ“Ğ°Ğ»ĞµÑ€ĞµÑğŸ’€ IC05 edit 1 tahun
hasil nya 10 detik
salut gua ama lu bang IC05 Keren cokkkk ğŸ˜³ mataku melek IC05 baju gratisan itu mahğŸ˜… IC05 10 year editğŸ˜­ IC05 Ğ²Ñ‹ Ğ¿Ñ€Ğ¸ĞºĞ¸Ğ½ÑŒÑ‚Ğµ ÑĞºĞ¾Ğ»ÑŒĞºĞ¾ Ğ¾Ğ½ Ğ½Ğ° ÑÑ‚Ğ¾ Ğ¿Ğ¾Ñ‚Ñ€Ğ°Ñ‚Ğ¸Ğ» Ğ²Ñ€ĞµĞ¼ĞµĞ½Ğ¸ Ñ‡Ñ‚Ğ¾Ğ±Ñ‹ ĞºĞ°Ğ¶Ğ´Ñ‹Ğ¹ ĞºĞ°ÑÑ‚ÑĞ¼ ÑĞ½ÑÑ‚ÑŒ IC05 ã…“ã…œã…‘ IC05 trend cáº£ tá»i IC05 ÑĞºĞ¾Ğ»ÑŒĞºĞ¾ Ğ´Ğ½ĞµĞ¹ Ğ½ÑƒĞ¶Ğ½Ğ¾ Ğ¿Ğ¾Ñ‚Ñ€Ğ°Ñ‚Ğ¸Ñ‚ÑŒ Ğ½Ğ° ÑÑ‚Ğ¾?!ğŸ˜®â€ğŸ’¨ IC05 I spent about 7-8 hours to edit it IC05 bang Uda bangğŸ˜­ğŸ˜­ IC05 ØªØµÙ…ÙŠÙ… Ø³Ù†Ù‡ ÙˆØ«Ù„Ø§Ø« Ù„ÙŠØ§Ù„ IC05 ÙˆØ£Ù‡Ø± Ø´ÙŠ ÙŠÙ†Ø²Ù„ Ø¨Ø·Ø±Ù Ø§Ù„Ø¬Ø²ÙŠØ±Ù‡ ÙŠÙ„Ø¹Ø¨ ØªÙ‚ÙŠÙŠÙ… ğŸ˜‚ IC05 wow ğŸ˜³ğŸ‘ IC05 ğŸ¥° IC05 beliau bukan sebarang beliau IC05 mending main epep IC05 yeniden anlÄ±yoruz ben fakir deÄŸil fasfakir
fapfakir
famfakir
miÅŸim
ve edit gÃ¼zel olmuÅŸ eline saÄŸlÄ±k IC05 Ğ”Ğ²Ğµ Ğ¿Ğ¾Ñ‡ĞºĞ¸ Ğ¿Ñ€Ğ¾Ğ´Ğ°Ğ» ĞÑˆĞ°Ğ»ĞµÑ‚ÑŒ";""
"https://www.tiktok.com/@munazer_gamer/video/7267544767540546821";"munazer_gamer";"https://www.tiktok.com/@munazer_gamer";" IC05 bro so big fain so love you IC05 ğŸ¥° IC05 Ø§Ø¹Ø·Ø§Ùƒ Ø¨Ù„Ø§Ø®ÙŠØ± ÙƒØ±ØªÙˆÙ†Ø© Ø¨Ø³ÙƒÙˆØª IC05 he even gave you a med kit IC05 ğŸ¥º IC05 nice ğŸ¥°ğŸ¥°ğŸ¥°ğŸ¥° IC05 ğŸ¥° IC05 goodğŸ˜­ğŸ˜­ğŸ˜­ IC05 ğŸ¥º IC05 Respect IC05 ğŸ¥° IC05 ÙˆØ±Ø¨Ù†Ø§ Ø§Ù†Øª Ø¹Ø³Ù„ ğŸ¥°ğŸ¥° IC05 ğŸ¥° IC05 Ù‡Ø§ÙŠ Ù‡ÙŠ Ø§Ù„Ø§ØµØ­Ø§Ø¨ Ø§Ù„Ø­Ù‚ÙŠÙ‚ÙŠØ© Ø§Ù„ØªÙŠ Ù†ØªØ­Ø¯Ø« Ø¹Ù†Ù‡Ø§ ÙŠØ§ Ø³Ø§Ø¯Ø© Ø¹Ø¯ÙˆÙƒ ÙŠØµØ¨Ø­ ØµØ¯ÙŠÙ‚Ùƒ ÙÙ‡ÙŠ Ø§Ù„ØµØ¯Ø§Ù‚Ù‡ Ø§Ù„Ø­Ù‚ÙŠÙ‚Ø© Ø¨Ø§Ù„ÙØ¹Ù„ Ø§ÙƒØ«Ø± Ù…Ù† Ø§Ù„ØµØ¯Ø§Ù‚Ù‡ Ø§Ù„Ø°ÙŠÙ† Ù…Ø¹ÙƒÙ… ğŸ˜ğŸ¥° IC05 Wow very good ğŸ‘Œ IC05 ğŸ¥° IC05 Respect ğŸ«¡ ğŸ˜³ IC05 ğŸ¥º IC05 Ù…Ù†Ùˆ ÙØ§Ø² Ø¨Ù„ Ø±ÙˆÙ… IC05 Ğ°ÑĞ°Ñ…Ğ°ÑĞ°Ñ…Ñ…Ğ°Ğ¿Ñ Ğ² ĞºĞ¾Ğ½Ñ†Ğµ Ğ³Ñ€Ğ°Ğ½Ğ°Ñ‚Ğ° IC05 ğŸ˜³ IC05 Ai noÈ™tri È™i bat cu tigaia pe jucÄƒtori noi ğŸ¥ºğŸ¥ºğŸ¥º IC05 respect ğŸ¥ºğŸ¥ºğŸ¥° IC05 ğŸ¥° IC05 Room ğŸ˜‚ IC05 respect banget ğŸ‘ğŸ¥º IC05 ğŸ¥° IC05 kral iÅŸte bu emeÄŸine saÄŸlÄ±k ğŸ‘‘ğŸ‘‘ğŸ‘‘ IC05 ğŸ¥° IC05 Ø­Ø¨ÙŠØªğŸ‘ŒğŸ™‚ğŸ’” IC05 ğŸ¥° IC05 Good respect IC05 ğŸ¥° IC05 Someone else going to kill them once you turn back ğŸ’€ğŸ˜‚ IC05 ğŸ¥°";""
