"unlist.liste_url_videos.";"unlist.liste_noms_utilisateurs.";"unlist.liste_liens_utilisateurs.";"unlist.liste_likes.";"unlist.liste_nb_commentaires.";"unlist.liste_nb_signets.";"unlist.liste_hashtags."
"https://www.tiktok.com/@alim_kh0/video/7290946684975140129";"alim_kh0";"https://www.tiktok.com/@alim_kh0?lang=en";"1.7M";"9090";"473.4K";" #glowup #men #huntereyes #fyp"
"https://www.tiktok.com/@kamsotheegreat/video/7281089396575685893";"kamsotheegreat";"https://www.tiktok.com/@kamsotheegreat?lang=en";"1.3M";"7762";"96.3K";" @kevin #looksmaxxing"
"https://www.tiktok.com/@leonagalam/video/7255090861082479877";"leonagalam";"https://www.tiktok.com/@leonagalam?lang=en";"1.1M";"24.6K";"130.3K";" #facesplitincident"
"https://www.tiktok.com/@_west_sides/video/7249393955857550618";"_west_sides";"https://www.tiktok.com/@_west_sides?lang=en";"997.6K";"38.5K";"142.7K";" #darkweb #viral #foryoupage #foryou #fyp„Ç∑ #real #soup"
"https://www.tiktok.com/@noturyumixd/video/7255170845616737542";"noturyumixd";"https://www.tiktok.com/@noturyumixd?lang=en";"844.2K";"62.1K";"111.4K";""
"https://www.tiktok.com/@murmel1888/video/7250757850346114331";"murmel1888";"https://www.tiktok.com/@murmel1888?lang=en";"838.7K";"35.4K";"103.4K";""
"https://www.tiktok.com/@mr_cat_rizz/video/7279611937334365445";"mr_cat_rizz";"https://www.tiktok.com/@mr_cat_rizz?lang=en";"833.7K";"3694";"79K";""
"https://www.tiktok.com/@danlevenek/video/7295061848452238625";"danlevenek";"https://www.tiktok.com/@danlevenek?lang=en";"776.3K";"5705";"76.4K";" #mogged #mew #mewing #looksmaxx"
"https://www.tiktok.com/@giovanni0917p/video/7268002107465272581";"giovanni0917p";"https://www.tiktok.com/@giovanni0917p?lang=en";"746.9K";"3673";"69.7K";""
"https://www.tiktok.com/@solarisma/video/7247082218437217537";"solarisma";"https://www.tiktok.com/@solarisma?lang=en";"676.8K";"7464";"103.3K";" #hollywood #prank #prankster #prank #prestontalks"
"https://www.tiktok.com/@itsfaz3/video/7251791683568913707";"itsfaz3";"https://www.tiktok.com/@itsfaz3?lang=en";NA;NA;NA;NA
"https://www.tiktok.com/@leooi25_xd/video/7272862085757947141";"leooi25_xd";"https://www.tiktok.com/@leooi25_xd?lang=en";NA;NA;NA;NA
"https://www.tiktok.com/@kopaxezl/video/7251143679824497926";"kopaxezl";"https://www.tiktok.com/@kopaxezl?lang=en";NA;NA;NA;NA
"https://www.tiktok.com/@imcordizila/video/7273958423878814981";"imcordizila";"https://www.tiktok.com/@imcordizila?lang=en";NA;NA;NA;NA
"https://www.tiktok.com/@lu_cab_/video/7283250410884828422";"lu_cab_";"https://www.tiktok.com/@lu_cab_?lang=en";NA;NA;NA;NA
"https://www.tiktok.com/@givefuys/video/7286278820385066282";"givefuys";"https://www.tiktok.com/@givefuys?lang=en";"476.5K";"3549";"54.9K";" #samsungnote7 #note7 #fyp #fyp„Ç∑ #meme #slideshow"
"https://www.tiktok.com/@._h3artless_cupid._/video/7250918009106124059";"._h3artless_cupid._";"https://www.tiktok.com/@._h3artless_cupid._?lang=en";"474.6K";"17.9K";"56.9K";""
"https://www.tiktok.com/@zxrzazzzz/video/7291089701270850821";"zxrzazzzz";"https://www.tiktok.com/@zxrzazzzz?lang=en";"464.7K";"2254";"45.3K";" #fyp #foryou #foryoupage #fyp„Ç∑ @Dillan_Alvarenga @axel"
"https://www.tiktok.com/@_west_sides/video/7249843117183028507";"_west_sides";"https://www.tiktok.com/@_west_sides?lang=en";"454.8K";"16.8K";"60.1K";" #fucked #foryou #fyp„Ç∑ #viral #foryoupage #real"
"https://www.tiktok.com/@zepn1_/video/7297571573857291521";"zepn1_";"https://www.tiktok.com/@zepn1_?lang=en";"398.3K";"2295";"34.3K";""
"https://www.tiktok.com/@olimaxing/video/7278449439713414405";"olimaxing";"https://www.tiktok.com/@olimaxing?lang=en";"397.5K";"1831";"39.9K";" #looksmaxing #looksmax #fyp #foryou"
"https://www.tiktok.com/@j_dtimes/video/7296880482929626373";"j_dtimes";"https://www.tiktok.com/@j_dtimes?lang=en";"383K";"3801";"32.5K";" #humor #fyp #mewing #baybay"
"https://www.tiktok.com/@nefor_stonik/video/7249057034526608666";"nefor_stonik";"https://www.tiktok.com/@nefor_stonik?lang=en";"375.1K";"4633";"43.3K";""
"https://www.tiktok.com/@_west_sides/video/7249751566054477082";"_west_sides";"https://www.tiktok.com/@_west_sides?lang=en";"347.7K";"23.9K";"43K";" #real #foryoupage #viral #foryou #fyp„Ç∑"
"https://www.tiktok.com/@gino.benetti/video/7288828249860214048";"gino.benetti";"https://www.tiktok.com/@gino.benetti?lang=en";"330.6K";"3056";"23.9K";" #looksmax"
"https://www.tiktok.com/@alim_kh0/video/7285022367187750176";"alim_kh0";"https://www.tiktok.com/@alim_kh0?lang=en";"318K";"1704";"36.1K";" #hairstyle #sidepart"
"https://www.tiktok.com/@tay0.com/video/7264356961519553824";"tay0.com";"https://www.tiktok.com/@tay0.com?lang=en";"296.1K";"1332";"33.7K";" #looksmax #bonesmash #mog #jordanbarrett"
"https://www.tiktok.com/@_west_sides/video/7261720059117178139";"_west_sides";"https://www.tiktok.com/@_west_sides?lang=en";"287.1K";"23K";"46.9K";""
"https://www.tiktok.com/@_west_sides/video/7268950853736811808";"_west_sides";"https://www.tiktok.com/@_west_sides?lang=en";"275.7K";"5407";"41.8K";""
"https://www.tiktok.com/@superiorsydo/video/7273677649678011649";"superiorsydo";"https://www.tiktok.com/@superiorsydo?lang=en";"272.4K";"785";"28.1K";" #looksmax #looksmaxxing"
"https://www.tiktok.com/@idontlikemakingtiktoks.4/video/7278427001919180074";"idontlikemakingtiktoks.4";"https://www.tiktok.com/@idontlikemakingtiktoks.4?lang=en";"272K";"1001";"23.2K";" #looksmax #looksmaxxing #mewing #mogged #huntereyes"
"https://www.tiktok.com/@black_lazuly/video/7292180433004023041";"black_lazuly";"https://www.tiktok.com/@black_lazuly?lang=en";"267.4K";"8489";"37.9K";" #when #you #hate #your #dad #elizabethfritzl"
"https://www.tiktok.com/@dini_.idk/video/7284725154297531681";"dini_.idk";"https://www.tiktok.com/@dini_.idk?lang=en";"258.9K";"5931";"40.8K";" #lumiathena #lumiathenaüîõüîù"
"https://www.tiktok.com/@ahmadrezanikzad/video/7297983189916634401";"ahmadrezanikzad";"https://www.tiktok.com/@ahmadrezanikzad?lang=en";"257.4K";"734";"32.8K";" #glowup #tips #men #hairstyle #fyp"
"https://www.tiktok.com/@gioguesser/video/7281691919720254766";"gioguesser";"https://www.tiktok.com/@gioguesser?lang=en";"255K";"1703";"20.4K";""
"https://www.tiktok.com/@_west_sides/video/7254181244232043802";"_west_sides";"https://www.tiktok.com/@_west_sides?lang=en";"243.5K";"17.7K";"33.2K";" #fyp„Ç∑ #viral #dark #foryoupage #real #foryou"
"https://www.tiktok.com/@swaggsolos/video/7278139639863577862";"swaggsolos";"https://www.tiktok.com/@swaggsolos?lang=en";"241.7K";"1382";"26.6K";" #foryoupage #fyp #relatable #swagsolos"
"https://www.tiktok.com/@mmarrlol_yxs/video/7263867716530883842";"mmarrlol_yxs";"https://www.tiktok.com/@mmarrlol_yxs?lang=en";"238.6K";"12.2K";"52.3K";""
"https://www.tiktok.com/@danirodrios/video/7264818679924231430";"danirodrios";"https://www.tiktok.com/@danirodrios?lang=en";"237K";"9605";"26.9K";""
"https://www.tiktok.com/@andrewtatelover11/video/7291723735608937760";"andrewtatelover11";"https://www.tiktok.com/@andrewtatelover11?lang=en";"236.8K";"1720";"14.6K";""
"https://www.tiktok.com/@cactusscotti/video/7249337031761988891";"cactusscotti";"https://www.tiktok.com/@cactusscotti?lang=en";"234.7K";"974";"25.4K";" #steveo #fyp„Ç∑„Çöviral #bruvjustlikeit"
"https://www.tiktok.com/@black_lazuly/video/7288297869533023490";"black_lazuly";"https://www.tiktok.com/@black_lazuly?lang=en";"234.4K";"1972";"26.5K";" #goggle #most #scary #site"
"https://www.tiktok.com/@ahmadrezanikzad/video/7298766685459189025";"ahmadrezanikzad";"https://www.tiktok.com/@ahmadrezanikzad?lang=en";"234.3K";"767";"42.4K";" #stopdoingthis"
"https://www.tiktok.com/@guitarhero02/video/7283595234578107653";"guitarhero02";"https://www.tiktok.com/@guitarhero02?lang=en";"222.4K";"7323";"24.6K";" #ton618 #tierra"
"https://www.tiktok.com/@alim_kh0/video/7294302215341083937";"alim_kh0";"https://www.tiktok.com/@alim_kh0?lang=en";"220.3K";"747";"71.6K";" #glowup #tips #men #face #fyp #viral"
"https://www.tiktok.com/@syrianpsycho/video/7291083393998015790";"syrianpsycho";"https://www.tiktok.com/@syrianpsycho?lang=en";"214.3K";"2336";"23.3K";" #fyp #syrianpsycho"
"https://www.tiktok.com/@_fkbc_/video/7253109781664156933";"_fkbc_";"https://www.tiktok.com/@_fkbc_?lang=en";"211.1K";"20.4K";"34.4K";" #elizabethfitzl #caso #fyp #foryou #foryou1 #fpy #parati"
"https://www.tiktok.com/@kainoalam/video/7292545657527864622";"kainoalam";"https://www.tiktok.com/@kainoalam?lang=en";"209.8K";"1267";"10.2K";" #fyp #foryou #looksmax"
"https://www.tiktok.com/@syrianpsycho/video/7289562415119813931";"syrianpsycho";"https://www.tiktok.com/@syrianpsycho?lang=en";"207.5K";"1762";"25K";" #fyp #syrianpsycho #xqc"
"https://www.tiktok.com/@kealor_1/video/7297248563195563297";"kealor_1";"https://www.tiktok.com/@kealor_1?lang=en";"207.5K";"1762";"25K";" #fyp #syrianpsycho #xqc"
"https://www.tiktok.com/@alim_kh0/video/7292838664529300768";"";"https://www.tiktok.com/@alim_kh0?lang=en";"207.5K";"1762";"25K";" #fyp #syrianpsycho #xqc"
"https://www.tiktok.com/@horaciopaganifan24/video/7286552471021882656";"horaciopaganifan24";"https://www.tiktok.com/@horaciopaganifan24?lang=en";"207.5K";"1762";"25K";" #fyp #syrianpsycho #xqc"
